Index,LCSC#,MPN,Manufacturer,Package,Description,RoHS,Needed,Order Quantity,MOQ,Multiple,Unit Price,Extended Price,Product Link,Already Owned by Daringcuteseal,Note
1,C382139,TP4056,TPOWER,ESOP-8,Lithium-ion/Polymer ESOP-8,TRUE,1,5,5,5,$0.11830,$0.59,https://www.lcsc.com/product-detail/C382139.html,FALSE,
2,C2927026,USB-TYPE-C-006,DEALON,SMD,"USB-C (USB TYPE-C) Receptacle Connector 6 Position Surface Mount, Right Angle",TRUE,1,10,10,10,$0.04910,$0.49,https://www.lcsc.com/product-detail/C2927026.html,FALSE,
3,C2830320,FS8205A,TECH PUBLIC,SOT-23-6,20V 9A 1.5W Surface Mount SOT-23-6,TRUE,1,10,10,10,$0.04710,$0.47,https://www.lcsc.com/product-detail/C2830320.html,FALSE,
4,C22366440,DMP1045U-HXY,HXY MOSFET,SOT-23,P-Channel 20V 5A 1.4W Surface Mount SOT-23,TRUE,1,10,10,10,$0.06240,$0.62,https://www.lcsc.com/product-detail/C22366440.html,FALSE,
5,C20996,SMD1812P075TF,RUILON,1812,Polymeric PTC Resettable Fuse 13.2V 750mA Surface Mount 1812,TRUE,1,5,5,5,$0.08730,$0.44,https://www.lcsc.com/product-detail/C20996.html,FALSE,
6,C15008,CL31A107MQHNNNE,Samsung Electro-Mechanics,1206,100uF ±20% 6.3V Ceramic Capacitor X5R 1206,TRUE,3,10,10,10,$0.06810,$0.68,https://www.lcsc.com/product-detail/C15008.html,FALSE,
7,C2100,1SS404,JSCJ,SOD-323,Diode 20V 300mA Surface Mount SOD-323,TRUE,1,20,20,20,$0.03360,$0.67,https://www.lcsc.com/product-detail/C2100.html,FALSE,
8,C2937639,SMD1812P020TF,PTTC(Polytronics Tech),1812,Polymeric PTC Resettable Fuse 30V 200mA Surface Mount 1812,TRUE,1,10,10,10,$0.08940,$0.89,https://www.lcsc.com/product-detail/C2937639.html,FALSE,
9,C15401,0603WAJ0103T5E,UNI-ROYAL,603,10kΩ ±5% 100mW 0603 Thick Film Resistor,TRUE,3,100,100,100,$0.00110,$0.11,https://www.lcsc.com/product-detail/C15401.html,FALSE,
10,C23186,0603WAF5101T5E,UNI-ROYAL,603,5.1kΩ ±1% 100mW 0603 Thick Film Resistor,TRUE,2,100,100,100,$0.00160,$0.16,https://www.lcsc.com/product-detail/C23186.html,FALSE,
11,C14675,RC0603FR-07100KL,YAGEO,603,100mW 100kΩ 75V Thick Film Resistor ±100ppm/℃ ±1% 0603 Chip Resistor - Surface Mount RoHS,TRUE,1,100,100,100,$0.00140,$0.14,https://www.lcsc.com/product-detail/C14675.html,FALSE,
12,C2890037,SK6812SIDE-A-RVS,OPSCO Optoelectronics,"SMD-4P,4x2mm","SMD-4P,4x2mm LED Addressable, Specialty RoHS",TRUE,24,30,5,5,$0.09340,$2.80,https://www.lcsc.com/product-detail/C2890037.html,FALSE,Have to buy slightly more than needed. Apparently they’re pain to solder (can break easily when overheated).
13,C2680613,CHS-01TB,Nidec,SMD,Dip Switch SPST 1 Position 100mA 6V,TRUE,2,2,1,1,$0.97000,$1.94,https://www.lcsc.com/product-detail/C2680613.html,FALSE,
14,C2907002,FRC0603F1001TS,FOJAN,603,1kΩ ±1% 100mW 0603 Thick Film Resistor,TRUE,6,100,100,100,$0.00100,$0.10,https://www.lcsc.com/product-detail/C2907002.html,FALSE,
15,C2933198,FRC0603F3300TS,FOJAN,603,330Ω ±1% 100mW 0603 Thick Film Resistor,TRUE,1,100,100,100,$0.00100,$0.10,https://www.lcsc.com/product-detail/C2933198.html,FALSE,
16,C2933180,FRC0603F2553TS,FOJAN,603,255kΩ ±1% 100mW 0603 Thick Film Resistor,TRUE,1,100,100,100,$0.00120,$0.12,https://www.lcsc.com/product-detail/C2933180.html,FALSE,
17,C614136,ATTINY1616-SN,MICROCHIP,SOIC-20-300mil,AVR 8 Bit 20MHz 18 SOIC-20-300mil Microcontrollers RoHS,TRUE,1,1,1,1,$2.70710,$2.71,https://www.lcsc.com/product-detail/C614136.html,FALSE,
18,C9866,DS3231SN#T&R,MAXIM,SOIC-16-300mil,Built-in Yes SOIC-16-300mil Real Time Clocks RoHS,TRUE,1,1,1,1,$5.32320,$5.32,https://www.lcsc.com/product-detail/C9866.html,FALSE,
19,C60474,CC0402KRX7R7BB104,YAGEO,402,100nF ±10% 16V Ceramic Capacitor X7R 0402,TRUE,27,100,100,100,$0.00110,$0.11,https://www.lcsc.com/product-detail/C60474.html,FALSE,
20,C105578,RC0603FR-071ML,YAGEO,603,100mW 1MΩ 75V Thick Film Resistor ±100ppm/℃ ±1% 0603 Chip Resistor - Surface Mount RoHS,TRUE,1,100,100,100,$0.00160,$0.16,https://www.lcsc.com/product-detail/C105578.html,FALSE,
21,,,JLCPCB,27*177 mm^2,"Bookmark FR4 PCB printing: 27 mm*177 mm, Industrial/Consumer electronics, single PCB, no stackup, white silkscreen, tented via covering, deburring, without gold fingers, without castellated holes, no PCB marking, IPC class 2 standard appearance quality, ink-jet/screen printing silkscreen, without inspection report, without humidity indicator card, 3d build time, 1 layer, 1 design, 1mm thickness, green color, FR4 TG135 material, leaded HASL surface finish, 1 oz outer copper weight, without electrical testing, without edge plating, without paper between PCBs, without confirmation of production file, package box with JLCPCB logo, without UL marking.",FALSE,1,5,5,5,unavailable,$5.90,https://jlcpcb.com/pcb-fabrication/fr4-pcb,FALSE,
22,,,JLCPCB,52*29 mm^2,"Controller unit FR4 PCB printing: 52 mm*29 mm, Industrial/Consumer electronics, single PCB, no stackup, white silkscreen, tented via covering, deburring, without gold fingers, without castellated holes, no PCB marking, 0.3 mm/(0.4/0.45 mm) minimum via hole size/diameter, without 4-wire Kelvin Test, IPC class 2 standard appearance quality, ink-jet/screen printing silkscreen, without inspection report, without humidity indicator card, 2d build time, 2 layers, 1 design, 0.8mm thickness, green color, FR4 TG135 material, leaded HASL surface finish, 1 oz outer copper weight, without electrical testing, without edge plating, without blind slot, without paper between PCBs, without confirmation of production file, package box with JLCPCB logo, board ± 0.2mm outline tolerance, without countersink hole, without UL marking.",FALSE,1,5,5,5,unavailable,$2.10,https://jlcpcb.com/pcb-fabrication/fr4-pcb,FALSE,
23,,,Unknown,523450,1000 mAh 523450 3.7V li-po battery with built-in BMS,Unknown,1,1,1,1,"Rp79,900","Rp79,900",https://shopee.co.id/product/19839879/26426877851,FALSE,
24,,,Unknown,XH2.54,"Right-angled 2.54 pitch JST connector, 2 pins",Unknown,1,70,70,1,Rp300,"Rp21,000",https://shopee.co.id/product/46203672/18744978386,TRUE,
25,,,Unknown,XH2.54,"Right-angled 2.54 pitch JST connector, 3 pins",Unknown,1,70,70,1,Rp300,"Rp21,000",https://shopee.co.id/product/46203672/19344978895,TRUE,
26,,,Unknown,3mm THT,3mm diffused LED red (used for charging indicator and power indicator),Unknown,2,10,10,1,Rp250,"Rp2,500",https://shopee.co.id/product/2178321/3603345969/,TRUE,
27,,,Unknown,3mm THT,3mm diffused LED yellow (used for low battery warning and debugging),Unknown,1,10,10,1,Rp250,"Rp2,500",https://shopee.co.id/product/2178321/294292043/,TRUE,
28,,,Unknown,3mm THT,3mm diffused LED green (used for full battery indicator),Unknown,1,10,10,1,Rp250,"Rp2,500",https://shopee.co.id/product/2178321/3603345974/,TRUE,
29,,,Unknown,5cm*5cm,Rubber sheet for anti-slipping,Unknown,1,7,7,1,"Rp1,527","Rp10,689",https://shopee.co.id/product/274611018/28530490992,FALSE,
30,,,Unknown,1m,AWG28 cable,Unknown,1,1,1,1,"Rp2,000","Rp2,000",https://shopee.co.id/product/23570871/19120854525,TRUE,Price per meter.
31,,,PegangInd,,3D printing service with PETG filament,Unknown,39,39,1,1,Rp799,"Rp31,161",https://shopee.co.id/product/234204219/26236129391,FALSE,Nice cheap local printing service. Price is in per gram of filament (includes extra filament for support).
32,,,,,"Shipping fee (Singapore Post, 20-35 business days)",,,,,,$6.38,$6.38,,,
33,,,,,LCSC merchandise discount,,,,,,-$0.01,-$0.01,,,
34,,,,,Customs and tax (estimation): 11% tax + 7.5% customs,,,,,,"Rp111,066","Rp111,066",,,"Item: $33. To IDR: Rp574,728. Import duties: (1+7.5%)(Rp574,728)=Rp617,832.6. 11% tax (“PPN”): 11%*Rp617,832.6 = IDR Rp67,961.586. Total needed: Rp43,104.6 + Rp67,961.586 = IDR 111,066. Calculated on May 11th 2026, with 1 USD = IDR 17,416.00384. Price might increase anytime soon."
35,,,,,Handling fee (worst case),,,,,,"Rp30,000","Rp30,000",,,
36,,,,,,,,,,,,,,,
